{
    "name": "COVID19DataPipe",
    "properties": {
        "activities": [
            {
                "name": "Import HTTP Data",
                "type": "Copy",
                "dependsOn": [],
                "policy": {
                    "timeout": "7.00:00:00",
                    "retry": 0,
                    "retryIntervalInSeconds": 30,
                    "secureOutput": false,
                    "secureInput": false
                },
                "userProperties": [],
                "typeProperties": {
                    "source": {
                        "type": "DelimitedTextSource",
                        "storeSettings": {
                            "type": "HttpReadSettings",
                            "requestMethod": "GET"
                        },
                        "formatSettings": {
                            "type": "DelimitedTextReadSettings"
                        }
                    },
                    "sink": {
                        "type": "AzureSqlSink",
                        "preCopyScript": "TRUNCATE TABLE ourworldindata.CovidData",
                        "tableOption": "autoCreate",
                        "disableMetricsCollection": false
                    },
                    "enableStaging": false,
                    "translator": {
                        "type": "TabularTranslator",
                        "mappings": [
                            {
                                "source": {
                                    "name": "iso_code",
                                    "type": "String",
                                    "physicalType": "String"
                                },
                                "sink": {
                                    "name": "iso_code",
                                    "type": "String",
                                    "physicalType": "nvarchar"
                                }
                            },
                            {
                                "source": {
                                    "name": "continent",
                                    "type": "String",
                                    "physicalType": "String"
                                },
                                "sink": {
                                    "name": "continent",
                                    "type": "String",
                                    "physicalType": "nvarchar"
                                }
                            },
                            {
                                "source": {
                                    "name": "location",
                                    "type": "String",
                                    "physicalType": "String"
                                },
                                "sink": {
                                    "name": "location",
                                    "type": "String",
                                    "physicalType": "nvarchar"
                                }
                            },
                            {
                                "source": {
                                    "name": "date",
                                    "type": "String",
                                    "physicalType": "String"
                                },
                                "sink": {
                                    "name": "date",
                                    "type": "String",
                                    "physicalType": "nvarchar"
                                }
                            },
                            {
                                "source": {
                                    "name": "total_cases",
                                    "type": "String",
                                    "physicalType": "String"
                                },
                                "sink": {
                                    "name": "total_cases",
                                    "type": "String",
                                    "physicalType": "nvarchar"
                                }
                            },
                            {
                                "source": {
                                    "name": "new_cases",
                                    "type": "String",
                                    "physicalType": "String"
                                },
                                "sink": {
                                    "name": "new_cases",
                                    "type": "String",
                                    "physicalType": "nvarchar"
                                }
                            },
                            {
                                "source": {
                                    "name": "new_cases_smoothed",
                                    "type": "String",
                                    "physicalType": "String"
                                },
                                "sink": {
                                    "name": "new_cases_smoothed",
                                    "type": "String",
                                    "physicalType": "nvarchar"
                                }
                            },
                            {
                                "source": {
                                    "name": "total_deaths",
                                    "type": "String",
                                    "physicalType": "String"
                                },
                                "sink": {
                                    "name": "total_deaths",
                                    "type": "String",
                                    "physicalType": "nvarchar"
                                }
                            },
                            {
                                "source": {
                                    "name": "new_deaths",
                                    "type": "String",
                                    "physicalType": "String"
                                },
                                "sink": {
                                    "name": "new_deaths",
                                    "type": "String",
                                    "physicalType": "nvarchar"
                                }
                            },
                            {
                                "source": {
                                    "name": "new_deaths_smoothed",
                                    "type": "String",
                                    "physicalType": "String"
                                },
                                "sink": {
                                    "name": "new_deaths_smoothed",
                                    "type": "String",
                                    "physicalType": "nvarchar"
                                }
                            },
                            {
                                "source": {
                                    "name": "total_cases_per_million",
                                    "type": "String",
                                    "physicalType": "String"
                                },
                                "sink": {
                                    "name": "total_cases_per_million",
                                    "type": "String",
                                    "physicalType": "nvarchar"
                                }
                            },
                            {
                                "source": {
                                    "name": "new_cases_per_million",
                                    "type": "String",
                                    "physicalType": "String"
                                },
                                "sink": {
                                    "name": "new_cases_per_million",
                                    "type": "String",
                                    "physicalType": "nvarchar"
                                }
                            },
                            {
                                "source": {
                                    "name": "new_cases_smoothed_per_million",
                                    "type": "String",
                                    "physicalType": "String"
                                },
                                "sink": {
                                    "name": "new_cases_smoothed_per_million",
                                    "type": "String",
                                    "physicalType": "nvarchar"
                                }
                            },
                            {
                                "source": {
                                    "name": "total_deaths_per_million",
                                    "type": "String",
                                    "physicalType": "String"
                                },
                                "sink": {
                                    "name": "total_deaths_per_million",
                                    "type": "String",
                                    "physicalType": "nvarchar"
                                }
                            },
                            {
                                "source": {
                                    "name": "new_deaths_per_million",
                                    "type": "String",
                                    "physicalType": "String"
                                },
                                "sink": {
                                    "name": "new_deaths_per_million",
                                    "type": "String",
                                    "physicalType": "nvarchar"
                                }
                            },
                            {
                                "source": {
                                    "name": "new_deaths_smoothed_per_million",
                                    "type": "String",
                                    "physicalType": "String"
                                },
                                "sink": {
                                    "name": "new_deaths_smoothed_per_million",
                                    "type": "String",
                                    "physicalType": "nvarchar"
                                }
                            },
                            {
                                "source": {
                                    "name": "reproduction_rate",
                                    "type": "String",
                                    "physicalType": "String"
                                },
                                "sink": {
                                    "name": "reproduction_rate",
                                    "type": "String",
                                    "physicalType": "nvarchar"
                                }
                            },
                            {
                                "source": {
                                    "name": "icu_patients",
                                    "type": "String",
                                    "physicalType": "String"
                                },
                                "sink": {
                                    "name": "icu_patients",
                                    "type": "String",
                                    "physicalType": "nvarchar"
                                }
                            },
                            {
                                "source": {
                                    "name": "icu_patients_per_million",
                                    "type": "String",
                                    "physicalType": "String"
                                },
                                "sink": {
                                    "name": "icu_patients_per_million",
                                    "type": "String",
                                    "physicalType": "nvarchar"
                                }
                            },
                            {
                                "source": {
                                    "name": "hosp_patients",
                                    "type": "String",
                                    "physicalType": "String"
                                },
                                "sink": {
                                    "name": "hosp_patients",
                                    "type": "String",
                                    "physicalType": "nvarchar"
                                }
                            },
                            {
                                "source": {
                                    "name": "hosp_patients_per_million",
                                    "type": "String",
                                    "physicalType": "String"
                                },
                                "sink": {
                                    "name": "hosp_patients_per_million",
                                    "type": "String",
                                    "physicalType": "nvarchar"
                                }
                            },
                            {
                                "source": {
                                    "name": "weekly_icu_admissions",
                                    "type": "String",
                                    "physicalType": "String"
                                },
                                "sink": {
                                    "name": "weekly_icu_admissions",
                                    "type": "String",
                                    "physicalType": "nvarchar"
                                }
                            },
                            {
                                "source": {
                                    "name": "weekly_icu_admissions_per_million",
                                    "type": "String",
                                    "physicalType": "String"
                                },
                                "sink": {
                                    "name": "weekly_icu_admissions_per_million",
                                    "type": "String",
                                    "physicalType": "nvarchar"
                                }
                            },
                            {
                                "source": {
                                    "name": "weekly_hosp_admissions",
                                    "type": "String",
                                    "physicalType": "String"
                                },
                                "sink": {
                                    "name": "weekly_hosp_admissions",
                                    "type": "String",
                                    "physicalType": "nvarchar"
                                }
                            },
                            {
                                "source": {
                                    "name": "weekly_hosp_admissions_per_million",
                                    "type": "String",
                                    "physicalType": "String"
                                },
                                "sink": {
                                    "name": "weekly_hosp_admissions_per_million",
                                    "type": "String",
                                    "physicalType": "nvarchar"
                                }
                            },
                            {
                                "source": {
                                    "name": "new_tests",
                                    "type": "String",
                                    "physicalType": "String"
                                },
                                "sink": {
                                    "name": "new_tests",
                                    "type": "String",
                                    "physicalType": "nvarchar"
                                }
                            },
                            {
                                "source": {
                                    "name": "total_tests",
                                    "type": "String",
                                    "physicalType": "String"
                                },
                                "sink": {
                                    "name": "total_tests",
                                    "type": "String",
                                    "physicalType": "nvarchar"
                                }
                            },
                            {
                                "source": {
                                    "name": "total_tests_per_thousand",
                                    "type": "String",
                                    "physicalType": "String"
                                },
                                "sink": {
                                    "name": "total_tests_per_thousand",
                                    "type": "String",
                                    "physicalType": "nvarchar"
                                }
                            },
                            {
                                "source": {
                                    "name": "new_tests_per_thousand",
                                    "type": "String",
                                    "physicalType": "String"
                                },
                                "sink": {
                                    "name": "new_tests_per_thousand",
                                    "type": "String",
                                    "physicalType": "nvarchar"
                                }
                            },
                            {
                                "source": {
                                    "name": "new_tests_smoothed",
                                    "type": "String",
                                    "physicalType": "String"
                                },
                                "sink": {
                                    "name": "new_tests_smoothed",
                                    "type": "String",
                                    "physicalType": "nvarchar"
                                }
                            },
                            {
                                "source": {
                                    "name": "new_tests_smoothed_per_thousand",
                                    "type": "String",
                                    "physicalType": "String"
                                },
                                "sink": {
                                    "name": "new_tests_smoothed_per_thousand",
                                    "type": "String",
                                    "physicalType": "nvarchar"
                                }
                            },
                            {
                                "source": {
                                    "name": "positive_rate",
                                    "type": "String",
                                    "physicalType": "String"
                                },
                                "sink": {
                                    "name": "positive_rate",
                                    "type": "String",
                                    "physicalType": "nvarchar"
                                }
                            },
                            {
                                "source": {
                                    "name": "tests_per_case",
                                    "type": "String",
                                    "physicalType": "String"
                                },
                                "sink": {
                                    "name": "tests_per_case",
                                    "type": "String",
                                    "physicalType": "nvarchar"
                                }
                            },
                            {
                                "source": {
                                    "name": "tests_units",
                                    "type": "String",
                                    "physicalType": "String"
                                },
                                "sink": {
                                    "name": "tests_units",
                                    "type": "String",
                                    "physicalType": "nvarchar"
                                }
                            },
                            {
                                "source": {
                                    "name": "total_vaccinations",
                                    "type": "String",
                                    "physicalType": "String"
                                },
                                "sink": {
                                    "name": "total_vaccinations",
                                    "type": "String",
                                    "physicalType": "nvarchar"
                                }
                            },
                            {
                                "source": {
                                    "name": "people_vaccinated",
                                    "type": "String",
                                    "physicalType": "String"
                                },
                                "sink": {
                                    "name": "people_vaccinated",
                                    "type": "String",
                                    "physicalType": "nvarchar"
                                }
                            },
                            {
                                "source": {
                                    "name": "people_fully_vaccinated",
                                    "type": "String",
                                    "physicalType": "String"
                                },
                                "sink": {
                                    "name": "people_fully_vaccinated",
                                    "type": "String",
                                    "physicalType": "nvarchar"
                                }
                            },
                            {
                                "source": {
                                    "name": "new_vaccinations",
                                    "type": "String",
                                    "physicalType": "String"
                                },
                                "sink": {
                                    "name": "new_vaccinations",
                                    "type": "String",
                                    "physicalType": "nvarchar"
                                }
                            },
                            {
                                "source": {
                                    "name": "new_vaccinations_smoothed",
                                    "type": "String",
                                    "physicalType": "String"
                                },
                                "sink": {
                                    "name": "new_vaccinations_smoothed",
                                    "type": "String",
                                    "physicalType": "nvarchar"
                                }
                            },
                            {
                                "source": {
                                    "name": "total_vaccinations_per_hundred",
                                    "type": "String",
                                    "physicalType": "String"
                                },
                                "sink": {
                                    "name": "total_vaccinations_per_hundred",
                                    "type": "String",
                                    "physicalType": "nvarchar"
                                }
                            },
                            {
                                "source": {
                                    "name": "people_vaccinated_per_hundred",
                                    "type": "String",
                                    "physicalType": "String"
                                },
                                "sink": {
                                    "name": "people_vaccinated_per_hundred",
                                    "type": "String",
                                    "physicalType": "nvarchar"
                                }
                            },
                            {
                                "source": {
                                    "name": "people_fully_vaccinated_per_hundred",
                                    "type": "String",
                                    "physicalType": "String"
                                },
                                "sink": {
                                    "name": "people_fully_vaccinated_per_hundred",
                                    "type": "String",
                                    "physicalType": "nvarchar"
                                }
                            },
                            {
                                "source": {
                                    "name": "new_vaccinations_smoothed_per_million",
                                    "type": "String",
                                    "physicalType": "String"
                                },
                                "sink": {
                                    "name": "new_vaccinations_smoothed_per_million",
                                    "type": "String",
                                    "physicalType": "nvarchar"
                                }
                            },
                            {
                                "source": {
                                    "name": "stringency_index",
                                    "type": "String",
                                    "physicalType": "String"
                                },
                                "sink": {
                                    "name": "stringency_index",
                                    "type": "String",
                                    "physicalType": "nvarchar"
                                }
                            },
                            {
                                "source": {
                                    "name": "population",
                                    "type": "String",
                                    "physicalType": "String"
                                },
                                "sink": {
                                    "name": "population",
                                    "type": "String",
                                    "physicalType": "nvarchar"
                                }
                            },
                            {
                                "source": {
                                    "name": "population_density",
                                    "type": "String",
                                    "physicalType": "String"
                                },
                                "sink": {
                                    "name": "population_density",
                                    "type": "String",
                                    "physicalType": "nvarchar"
                                }
                            },
                            {
                                "source": {
                                    "name": "median_age",
                                    "type": "String",
                                    "physicalType": "String"
                                },
                                "sink": {
                                    "name": "median_age",
                                    "type": "String",
                                    "physicalType": "nvarchar"
                                }
                            },
                            {
                                "source": {
                                    "name": "aged_65_older",
                                    "type": "String",
                                    "physicalType": "String"
                                },
                                "sink": {
                                    "name": "aged_65_older",
                                    "type": "String",
                                    "physicalType": "nvarchar"
                                }
                            },
                            {
                                "source": {
                                    "name": "aged_70_older",
                                    "type": "String",
                                    "physicalType": "String"
                                },
                                "sink": {
                                    "name": "aged_70_older",
                                    "type": "String",
                                    "physicalType": "nvarchar"
                                }
                            },
                            {
                                "source": {
                                    "name": "gdp_per_capita",
                                    "type": "String",
                                    "physicalType": "String"
                                },
                                "sink": {
                                    "name": "gdp_per_capita",
                                    "type": "String",
                                    "physicalType": "nvarchar"
                                }
                            },
                            {
                                "source": {
                                    "name": "extreme_poverty",
                                    "type": "String",
                                    "physicalType": "String"
                                },
                                "sink": {
                                    "name": "extreme_poverty",
                                    "type": "String",
                                    "physicalType": "nvarchar"
                                }
                            },
                            {
                                "source": {
                                    "name": "cardiovasc_death_rate",
                                    "type": "String",
                                    "physicalType": "String"
                                },
                                "sink": {
                                    "name": "cardiovasc_death_rate",
                                    "type": "String",
                                    "physicalType": "nvarchar"
                                }
                            },
                            {
                                "source": {
                                    "name": "diabetes_prevalence",
                                    "type": "String",
                                    "physicalType": "String"
                                },
                                "sink": {
                                    "name": "diabetes_prevalence",
                                    "type": "String",
                                    "physicalType": "nvarchar"
                                }
                            },
                            {
                                "source": {
                                    "name": "female_smokers",
                                    "type": "String",
                                    "physicalType": "String"
                                },
                                "sink": {
                                    "name": "female_smokers",
                                    "type": "String",
                                    "physicalType": "nvarchar"
                                }
                            },
                            {
                                "source": {
                                    "name": "male_smokers",
                                    "type": "String",
                                    "physicalType": "String"
                                },
                                "sink": {
                                    "name": "male_smokers",
                                    "type": "String",
                                    "physicalType": "nvarchar"
                                }
                            },
                            {
                                "source": {
                                    "name": "handwashing_facilities",
                                    "type": "String",
                                    "physicalType": "String"
                                },
                                "sink": {
                                    "name": "handwashing_facilities",
                                    "type": "String",
                                    "physicalType": "nvarchar"
                                }
                            },
                            {
                                "source": {
                                    "name": "hospital_beds_per_thousand",
                                    "type": "String",
                                    "physicalType": "String"
                                },
                                "sink": {
                                    "name": "hospital_beds_per_thousand",
                                    "type": "String",
                                    "physicalType": "nvarchar"
                                }
                            },
                            {
                                "source": {
                                    "name": "life_expectancy",
                                    "type": "String",
                                    "physicalType": "String"
                                },
                                "sink": {
                                    "name": "life_expectancy",
                                    "type": "String",
                                    "physicalType": "nvarchar"
                                }
                            },
                            {
                                "source": {
                                    "name": "human_development_index",
                                    "type": "String",
                                    "physicalType": "String"
                                },
                                "sink": {
                                    "name": "human_development_index",
                                    "type": "String",
                                    "physicalType": "nvarchar"
                                }
                            }
                        ],
                        "typeConversion": true,
                        "typeConversionSettings": {
                            "allowDataTruncation": true,
                            "treatBooleanAsNumber": false
                        }
                    }
                },
                "inputs": [
                    {
                        "referenceName": "owid_covid_data_csv",
                        "type": "DatasetReference"
                    }
                ],
                "outputs": [
                    {
                        "referenceName": "ourworldindata_CovidData",
                        "type": "DatasetReference"
                    }
                ]
            },
            {
                "name": "Extract CovidDataByDay",
                "type": "SqlServerStoredProcedure",
                "dependsOn": [
                    {
                        "activity": "Import HTTP Data",
                        "dependencyConditions": [
                            "Succeeded"
                        ]
                    }
                ],
                "policy": {
                    "timeout": "7.00:00:00",
                    "retry": 0,
                    "retryIntervalInSeconds": 30,
                    "secureOutput": false,
                    "secureInput": false
                },
                "userProperties": [],
                "typeProperties": {
                    "storedProcedureName": "[ourworldindata].[Extract_CovidDataByDay]"
                },
                "linkedServiceName": {
                    "referenceName": "jbean_sqldb_dev",
                    "type": "LinkedServiceReference"
                }
            }
        ],
        "folder": {
            "name": "Our World in Data"
        },
        "annotations": [],
        "lastPublishTime": "2021-04-05T23:28:27Z"
    },
    "type": "Microsoft.DataFactory/factories/pipelines"
}