{
    "now": "2021-04-10T08:04:08.199Z",
    "perfNow": 39576.34500000131,
    "diagnosticCorrelation": "94c38633-bdc8-481b-a746-fa247d7bbf92",
    "source": "DownloadSupportFiles",
    "environment": {
        "productName": "adf",
        "buildVersion": "1.0.20210406.7",
        "environmentType": 3,
        "resourceName": "jbean-adf",
        "resourceRegion": "westus2",
        "resourceGroup": "jbean-prod-rg",
        "subscriptionId": "be0640d8-9a6b-4eb9-bf93-5aef151f5055",
        "sessionId": "/tgEk",
        "operationId": "vIhia",
        "gitType": "live"
    },
    "additionalInfo": {
        "selectedResource": "owid_covid_data_csv",
        "selectedResourceType": "dataset"
    }
}