{
    "now": "2021-04-10T08:04:04.937Z",
    "perfNow": 36314.36500000018,
    "diagnosticCorrelation": "3d2771b5-f187-4089-8f92-9d969e79f118",
    "source": "DownloadSupportFiles",
    "environment": {
        "productName": "adf",
        "buildVersion": "1.0.20210406.7",
        "environmentType": 3,
        "resourceName": "jbean-adf",
        "resourceRegion": "westus2",
        "resourceGroup": "jbean-prod-rg",
        "subscriptionId": "be0640d8-9a6b-4eb9-bf93-5aef151f5055",
        "sessionId": "/tgEk",
        "operationId": "vIhia",
        "gitType": "live"
    },
    "additionalInfo": {
        "selectedResource": "ourworldindata_CovidData",
        "selectedResourceType": "dataset"
    }
}