{
    "now": "2021-04-10T08:03:51.891Z",
    "perfNow": 23268.46000000114,
    "diagnosticCorrelation": "636f4e2f-9bdd-40bf-83b6-b836a4ca7733",
    "source": "DownloadSupportFiles",
    "environment": {
        "productName": "adf",
        "buildVersion": "1.0.20210406.7",
        "environmentType": 3,
        "resourceName": "jbean-adf",
        "resourceRegion": "westus2",
        "resourceGroup": "jbean-prod-rg",
        "subscriptionId": "be0640d8-9a6b-4eb9-bf93-5aef151f5055",
        "sessionId": "/tgEk",
        "operationId": "vIhia",
        "gitType": "live"
    },
    "additionalInfo": {
        "selectedResource": "COVID19DataPipe",
        "selectedResourceType": "pipeline"
    }
}